WeekEnding_Date,Kolkata_Average_Price,Kolkata_Ref_Price,Bangalore_Average_Price,Bangalore_Ref_Price,Cochin_Average_Price,Cochin_Ref_Price,Darjeeling_Average_Price,Darjeeling_Ref_Price,Ernakulam_Average_Price,Ernakulam_Ref_Price,Siliguri_Average_Price,Siliguri_Ref_Price,Guwahati_Average_Price,Guwahati_Ref_Price,Average
03/01/09,99.01,79.79,N.S.,76.19,84.02,70.07,81.66,57.83,68.94,51.67,70.74,53.88,65.55,46.75,69.7
10/01/09,97.74,78.73,87.48,73.97,82.72,68.17,83.31,58.02,67.24,52.23,70.47,53.39,67.39,46.84,70.55
17/01/09,95.95,71.01,87.66,71.01,80.58,67.16,82.25,57.49,69.64,52.48,71.66,53.18,69.51,48.04,69.83
24/01/09,94.14,73.38,85.69,65.66,N.S.,65.57,80.87,54.59,N.S.,53.43,71.12,52.07,69.14,48.5,67.84666667
31/01/09,91.45,70.39,N.S.,64.99,79.27,62.09,80.76,57.06,69.65,53.38,72.3,52.5,69.39,50.33,67.19692308
07/02/09,88.99,70.4,83.24,63.28,N.S.,59.63,83.76,57.32,67.5,52.28,72.22,52.6,67.4,50.02,66.81846154
14/02/09,87.95,67.81,79.98,62.5,78.25,61.27,83.92,57.66,69.93,51.8,70.9,53.47,65.14,49.76,67.16714286
21/02/09,84.39,65.69,75.27,59.39,78.25,61.27,75.1,58.15,82.9,58.53,69.85,52.69,66.39,50,66.99071429
28/02/09,79.92,N.S.,74.41,55.65,71.29,57.02,82.62,58.14,69.47,53.99,71.27,53.8,68.95,51,65.19461538
07/03/09,79.54,66.06,71.1,N.S.,71.73,60.76,82.81,58.58,82.05,56,73.1,55.53,69.06,52.42,67.59538462
14/03/09,No Sale,,No Sale,,No Sale,,85.84,59.85,69.92,55.92,64.13,56.33,68.04,53.34,64.17125
21/03/09,76.82,N.S.,N.S.,58.96,73.4,N.S.,82.96,N.S.,68.76,55.22,72.54,55.64,68.68,54.26,66.724
28/03/09,N.S.,64.79,74.71,N.S.,86.52,60.97,85.09,57.79,71.05,55.17,73.39,54.73,68.16,53.1,67.1225
04/04/09,81.02,79.95,N.S.,65.64,105.29,93.21,88.83,57.54,74.26,54.63,78.55,54.46,71.61,52.22,73.63153846
11/04/09,N.S.,87.47,98.98,83.97,110.53,90.96,N.S.,58.6,78.37,54.25,80.77,54.83,73.77,53.55,77.17083333
18/04/09,N.S.,94.81,N.S.,N. S.,115.41,91.14,89.55,58.68,82.96,54.24,83.53,55.14,76.47,53.48,77.76454545
25/04/09,117.93,97.53,110.18,90.29,113.56,89.43,89.54,59.31,85.55,56.17,83.19,55.6,79.52,54.83,84.47357143
02/05/09,126.49,95.14,122.25,87.51,118.95,86.36,87.37,59.05,85.14,56.17,83.31,55.35,79.73,53.5,85.45142857
09/05/09,133.97,93.09,128.7,87.51,124.07,86.07,90.76,57.61,95.6,55.11,87.86,54.89,82.08,52.54,87.84714286
16/05/09,137.33,92.56,131.05,87.31,130,88.36,N. S.,57.46,89.12,55.15,89.45,54.3,81.39,53.52,88.23076923
23/05/09,139.96,92.47,133.55,87.21,136.78,88.79,N. S.,58.03,88.66,57.02,90.34,57.36,81.01,55.51,89.74538462
30/05/09,140,91.23,133.75,87.17,131.76,90.84,92.08,58.76,87.92,57.93,89.46,57.73,75.26,56.32,89.30071429
06/06/09,134.8,91.69,N.S.,89.09,124.09,92.96,N.S.,58.87,82.17,60.23,82.41,59.4,69.68,58.57,83.66333333
13/06/09,130.55,95.5,125.04,93.95,122.77,94.07,86.7,61.35,78.1,60.62,82.01,60.2,71.83,60.28,87.355
20/06/09,130.7,101,126.37,95.82,122.52,91.3,84.91,64.21,79.89,61.96,83.93,62.23,75.66,61.68,88.72714286
27/06/09,130.26,102.25,125.71,94.94,116.34,89.44,86.83,67.19,78.17,62.68,79.99,63.39,77.23,61.77,88.29928571
04/07/09,128.69,101.61,124.03,93.22,110.79,85.92,85.16,65.57,74.69,61.45,78.76,63.73,78.81,63.01,86.81714286
11/07/09,127.35,100.11,116.15,92.86,107.48,84.06,85.36,65.3,73.27,61.74,80.32,62.67,80.81,61.95,85.67357143
18/07/09,124.59,99.42,106.58,91.65,103.72,84.84,87.75,66.5,73.24,62.36,80.91,63.07,81.93,62.16,84.90857143
25/07/09,120.67,97.86,107.28,91.84,102.15,86.69,94.4,67.5,70.54,63.98,78.85,65.86,74.15,64.08,84.70357143
01/08/09,120.93,97.27,112.08,92.36,105.19,87.63,N.S.,72.88,69.64,67.21,76.8,68.9,71.04,65.9,85.21769231
08/08/09,122.81,98.5,112.15,93.18,106.04,87.57,95.46,76.23,69.52,69.8,74.3,70.66,68.64,68.83,86.69214286
15/08/09,123.83,100.64,113.56,95.55,102.99,88.31,96.5,81.39,70.51,71.62,75.35,74.72,67.58,70.51,88.07571429
22/08/09,126.2,102,114.15,96.18,101.14,89.13,94.2,81.64,72.27,70.75,76.49,73.02,67.87,68.96,88.14285714
29/08/09,123.21,100.87,114.19,95.96,101.7,88.54,93.72,81.37,72.21,70.36,77.25,71.79,69.39,67.9,87.74714286
05/09/09,122.13,102.05,112.43,97.33,No sale,,No sale,,73.75,71.96,78.51,75.18,70.36,68.57,87.227
12/09/09,121.4,103.26,112.62,98.78,No sale,,92.81,N.S,74.93,75.47,75.67,79.64,73.85,71.44,89.07909091
19/09/09,124.18,108.36,114.69,102.49,101.4,97.94,93.79,95.39,75.45,83.36,80.5,86.45,75.53,79.72,94.23214286
26/09/09,129.7,109.64,114.83,105.57,105.28,97.14,89.65,99.95,76.85,83.73,80.74,87.14,79.87,82.95,95.93142857
03/10/09,N.S,111.43,N.S,105.19,N.S,97.97,86.5,90.63,75.59,80.32,77.85,82.36,78.6,76.96,87.58181818
10/10/09,129.8,,117.34,,109.32,N.S,84.32,91.01,73.48,82.26,77.27,84.37,68.1,79.08,90.57727273
17/10/09,130.14,113.59,119.69,107.29,106.18,98.95,N.S,93.65,73.67,83.14,N.S,84.21,68.14,79.83,96.54
24/10/09,128.85,114.23,119.67,106.5,108.25,96.21,86.17,90.24,72.49,79.69,75.68,NS,67.16,75.94,93.92923077
31/10/09,132.56,109.46,119.64,101.34,109.63,90.01,82.58,83.95,68.75,74.88,72.78,72.75,65.26,68.22,89.415
07/11/09,129.75,107.71,118.65,100.19,115.75,90.18,79.27,0,70.38,69.12,73.22,70.73,64.45,65.37,82.48357143
14/11/09,129.38,109.03,120.09,98.77,116.15,89.07,78.86,81.31,0,68.07,75.37,71,0,65.17,78.73357143
21/11/09,132.46,108.4,118.99,96.76,114.64,86.72,80.23,83.9,76.24,66.11,79.41,68.63,69.08,66.78,89.16785714
28/11/09,126.24,109.96,120.06,96.85,110.03,86.99,84.4,79.5,76.51,60.97,77.67,61.46,72.92,59.31,87.34785714
05/12/09,126.73,108.2,114.98,94.72,111.19,85.79,82.72,70.67,76.9,59.19,77.44,60.17,75.31,57.37,85.81285714
12/12/09,123.65,105,111.72,89.91,114.33,86.17,81.48,75.13,74.69,61.88,76.11,64.5,72.16,56.5,85.23071429
19/12/09,122.95,104.46,111.26,89.05,113.7,86.3,81.73,77.65,74.04,65.74,74.41,69.01,69.36,59,85.61857143
26/12/09,122.39,103.39,107.25,87.25,109.37,84.9,No sale,,73.24,N.S.,No sale,,70.36,64.4,91.39444444
02/01/10,115.98,99.01,103,N.S.,105.34,N.S.,77.97,81.66,No Sale,,73.67,N.S.,70.24,65.55,88.04666667
09/01/10,109,97.74,97.6,87.48,101.2,82.72,80.67,83.31,72.35,67.24,73.1,70.47,66.74,67.39,82.64357143
16/01/10,N.S.,95.95,93.96,87.66,96.5,80.58,79.89,82.25,72.7,69.64,71.47,71.66,66.08,69.51,79.83461538
23/01/10,106.12,94.14,91.32,85.69,94.6,N.S.,80.02,80.87,70.91,N.S.,71.26,71.12,63.74,69.14,81.5775
30/01/10,110.32,91.45,N.S.,N.S.,94.52,79.27,77.28,80.76,71.93,69.65,70.94,72.3,62.84,69.39,79.22083333
06/02/10,105.73,88.99,89.31,83.24,90.31,N.S.,75.96,83.76,70.85,67.5,69.75,72.22,65.15,67.4,79.24384615
13/02/10,106.23,87.95,87.15,79.98,87.43,78.25,76.19,83.92,71.37,69.93,69.81,70.9,70.9,65.14,78.93928571
20/02/10,99.01,84.39,86.76,75.27,87.4,75.1,75,82.9,70.56,69.85,67.85,70.85,69.72,66.39,77.21785714
27/02/10,95.47,79.92,82.21,74.41,81.86,71.29,76.5,82.62,68.74,69.47,65.55,71.27,66.11,68.95,75.31214286
06/03/10,83.13,79.54,75.65,71.1,77.93,71.73,75.46,82.81,66,82.05,65.45,73.1,60.42,69.06,73.81642857
13/03/10,75.96,N.S.,73.71,N.S.,75.2,N.S.,74.92,85.84,65.34,69.92,64.97,64.13,62.93,68.04,70.99636364
20/03/10,N.S.,76.82,N.S.,N.S.,N.S.,73.4,76.59,82.96,64.39,68.76,65.57,72.54,59.61,68.68,70.932
27/03/10,N.S.,N.S.,N.S.,74.71,N.S.,86.52,81.14,85.09,63.29,71.05,66.29,73.39,62.82,68.16,73.246
03/04/10,67.64,81.02,66.59,N.S.,76.87,105.29,N.S.,88.83,62.68,74.26,66.02,78.55,63.21,71.61,75.21416667
10/04/10,74.98,N.S.,81.58,98.98,117.5,110.53,84.1,N.S.,61.62,78.37,66.34,80.77,N.S.,73.77,84.41272727
17/04/10,106.8,N.S.,N.S.,N.S.,109.47,115.41,83.83,89.55,62.15,82.96,67.34,83.53,60.01,76.47,85.22909091
24/04/10,109.42,117.93,101.15,110.18,101.37,113.56,81.67,89.54,62.27,85.55,64.93,83.19,59.52,79.52,89.98571429
01/05/10,113.96,126.49,118.3,122.25,99.79,118.95,87.24,87.37,59.39,85.14,68.46,83.31,59.32,79.73,93.55
08/05/10,120.27,133.97,115.2,128.7,98.57,124.07,75.84,90.76,56.84,95.6,62.34,87.86,55.51,82.08,94.82928571
15/05/10,120.5,137.33,111.43,131.05,100.51,130,75.61,N.S.,57.14,89.12,59.7,89.45,51.7,81.39,94.99461538
22/05/10,120.76,139.96,109.36,133.55,105.75,136.78,73.09,N.S.,56.55,88.66,58.09,90.34,54.33,81.01,96.01769231
29/05/10,123,140,111.31,133.75,104.35,131.76,73.43,92.08,56.63,87.92,58.5,89.46,N.S.,75.26,98.26538462
05/06/10,115.92,134.8,111.16,N.S.,110.61,124.09,75.58,N.S.,56.52,82.17,57.93,82.41,N.S.,69.68,92.80636364
12/06/10,119.26,130.55,114.59,125.04,110.43,122.77,68.01,86.7,53.7,78.1,56.53,82.01,45.05,71.83,90.32642857
19/06/10,117.92,130.7,114.86,126.37,112.32,122.52,66.87,84.91,51.66,79.89,52.54,83.93,44.97,75.66,90.36571429
26/06/10,124.76,130.26,116.28,125.71,113.38,116.34,66.07,86.83,50.77,78.17,N.S.,79.99,43.11,77.23,92.99230769
03/07/10,128.06,128.69,116.72,124.03,109.67,110.79,69.52,85.16,50.53,74.69,55.34,78.76,48.24,78.81,89.92928571
10/07/10,131.57,127.35,118,116.15,108.61,107.48,71.16,85.36,50.62,73.27,54.9,80.32,49.03,80.81,89.61642857
17/07/10,129.25,124.59,115.76,106.58,107.88,103.72,74.14,87.75,51.02,73.24,56.18,80.91,46.1,81.93,88.50357143
24/07/10,131.27,120.67,117.92,107.28,108.18,102.15,74.06,94.4,51.17,70.54,55.78,78.85,53,74.15,88.53
31/07/10,137.58,120.93,122.64,112.08,106.85,105.19,72.02,N.S.,52.34,69.64,56.3,76.8,51.14,71.04,88.81153846
07/08/10,131.96,122.81,121,112.15,108.71,106.04,71.36,95.46,52.3,69.52,55.79,74.3,48.91,68.64,88.49642857
14/08/10,135.72,123.83,123.03,113.56,109.38,102.99,71.81,96.5,52.4,70.51,55.52,75.35,49.53,67.58,89.12214286
21/08/10,135.1,126.2,126.2,114.15,108.02,101.14,73.2,94.2,53.29,72.27,55.27,76.49,49.99,67.87,89.52785714
28/08/10,136.17,123.21,124.84,114.19,105.84,101.7,N.S,93.72,54.27,72.21,56.88,77.25,47.28,69.39,90.53461538
04/09/10,135.83,122.13,122.13,112.43,105.7,N.S,72.98,N.S,57.46,73.75,56.18,78.51,49.3,70.36,88.06333333
11/09/10,135.37,121.4,125.3,112.62,106.66,N.S,82.07,92.81,63.12,74.93,65.37,75.67,52.59,73.85,90.90461538
18/09/10,133.45,124.18,122.48,114.69,105.22,101.4,88.19,93.79,63.5,75.45,68.58,80.5,51.75,75.53,92.765
25/09/10,133.27,129.7,124.46,114.83,104.1,105.28,85.92,89.65,61.31,76.85,65.72,80.74,54.5,79.87,93.3
02/10/10,131.81,N.S.,123.32,N.S.,106.39,N.S.,87,86.5,61.45,75.59,64.76,77.85,52.16,78.6,85.94818182
09/10/10,135.56,129.83,123.41,117.34,106.64,109.32,85.85,84.32,62.47,73.48,65.09,77.27,50.97,68.1,92.11785714
13/10/10,N.S.,128.85,124.62,119.67,106.5,108.25,84.58,86.17,63.59,72.49,65.61,75.68,52.14,67.16,88.87
16/10/10,133.76,130.14,N.S.,119.69,N.S.,106.18,85.06,N.S.,63.41,73.67,66.86,N.S.,50.36,68.14,89.727
30/10/10,133.73,132.56,122.23,119.64,108.24,109.63,83.39,82.58,64.65,68.75,66.65,72.78,51.42,65.26,91.53642857
06/11/10,132.73,129.75,118.83,118.65,112.1,115.75,82.63,79.27,64.54,70.38,N.S.,73.22,52.88,64.45,93.47538462
13/11/10,131.62,129.38,118.41,120.09,109.18,116.15,82.8,78.86,64.42,N.S.,66.24,75.37,54.11,N.S.,95.5525
20/11/10,130.93,132.46,120.27,118.99,109.46,114.64,79.94,80.23,65.21,76.24,65.21,79.41,54.81,69.08,92.63428571
27/11/10,131.63,126.24,118.31,120.06,104.34,110.03,79.19,84.4,65.1,76.51,67.82,77.67,56.53,72.92,92.19642857
04/12/10,128.61,126.73,117.11,114.98,106.98,111.19,78.99,82.72,64.64,76.9,66.14,77.44,57.19,75.31,91.78071429
11/12/10,127.22,123.65,110.39,111.72,108.57,114.33,79.02,81.48,63.78,N.S.,66.84,76.11,58.5,72.16,91.82846154
18/12/10,125.06,122.95,109,111.26,108.78,113.7,79.65,81.73,65.34,74.04,67.24,74.41,59.45,69.36,90.14071429
25/12/10,122.91,122.39,104.5,107.25,N.S.,109.37,80.28,N.S.,65.6,73.24,68.54,N.S.,60.77,70.36,89.56454545
01/01/11,119.16,115.98,101.32,103,105.78,105.34,N.S.,77.97,N.S.,N.S.,N.S.,73.67,N.S.,70.24,96.94
08/01/11,115.6,109,95.83,97.6,103.05,101.2,79.58,80.67,67.62,72.35,70.66,73.1,63.15,66.74,85.43928571
15/01/11,114.48,N.S.,96.59,93.96,99,96.5,82.39,79.89,71.25,72.7,74.67,71.47,68.76,66.08,83.67230769
22/01/11,113.17,106.12,93.03,91.32,91.7,94.6,87.15,80.02,73.27,70.91,76.5,71.26,72.6,63.74,84.67071429
29/01/11,111.39,110.32,N.S.,N.S.,88.38,94.52,82.8,77.28,73.14,71.93,75.12,70.94,69.57,62.84,82.3525
05/02/11,107.94,105.73,92.2,89.31,84.39,90.31,81.49,75.96,73.22,70.85,73.1,69.75,68.31,65.15,81.97928571
12/02/11,102.18,106.23,87.99,87.15,78.54,87.43,N.S.,76.19,73.27,71.37,74.55,69.81,62.01,68.41,80.39461538
19/02/11,97.43,99.01,87.8,86.76,78.19,87.4,81.96,75,72.99,70.56,75.25,67.85,61.67,69.72,79.39928571
26/02/11,91.23,95.47,76.06,82.21,77.2,81.86,83.65,76.5,72.86,68.74,74.77,65.55,60.55,66.11,76.62571429
05/03/11,83.67,83.13,N.S.,75.65,78.11,77.93,81.97,75.46,72.81,66,71.89,65.45,57.81,60.42,73.1
12/03/11,86.77,75.96,79,73.71,74.65,75.2,82.46,74.92,71.21,65.34,72.44,64.97,59.2,62.93,72.76857143
19/03/11,N.S.,N.S.,N.S.,N.S.,N.S.,N.S.,79.59,76.59,72.83,64.39,70.98,65.57,57.48,59.61,68.38
26/03/11,N.S.,N.S.,N.S.,N.S.,N.S.,N.S.,79.19,81.14,70.55,63.29,70.02,66.29,58.37,62.82,68.95875
02/04/11,71.64,67.64,66.4,66.59,85.74,76.87,79.78,N.S.,69.81,62.68,63.05,66.02,58.52,63.21,69.07307692
09/04/11,125.68,74.98,112.71,81.58,133.36,117.5,80.86,84.1,67.65,61.62,68.19,66.34,56.79,N.S.,87.02769231
16/04/11,130.49,106.8,N.S.,N.S.,129.94,109.47,81.63,83.83,64.9,62.15,68.28,67.34,58.86,60.01,85.30833333
23/04/11,112.23,109.42,110.93,101.15,123.28,101.37,N.S.,81.67,63.94,62.27,66.96,64.93,56.42,59.52,85.69923077
30/04/11,140.34,113.96,131.24,118.3,119.55,99.79,81.47,87.24,62.2,59.39,65.87,68.46,56.62,59.32,90.26785714
07/05/11,134.71,120.27,127.52,115.2,113.07,98.57,79.34,75.84,61.27,56.84,65.18,62.34,57.66,55.51,87.38
14/05/11,129.55,120.5,123.77,111.43,114.75,100.51,80.15,75.61,57.92,57.14,61,59.7,56.2,51.7,85.70928571
21/05/11,131.13,120.76,123.76,109.36,119.78,105.75,75.91,73.09,57.24,56.55,60.42,58.09,55.19,54.33,85.81142857
28/05/11,127.87,123,121.1,111.31,126.92,104.35,72.71,73.43,57.06,56.63,58.18,58.5,53.14,N.S.,88.01538462
04/06/11,125.08,115.92,121.46,111.16,133.82,110.61,70.96,70.58,55.48,56.52,55.55,57.93,50.87,47.91,84.56071429
11/06/11,129.43,119.26,126.81,114.59,131.21,110.43,62.29,68.01,57.77,53.7,58.87,56.53,51.38,45.05,84.66642857
18/06/11,131.68,117.92,129.36,114.86,126.47,112.32,71.85,66.87,59.41,51.66,58.16,52.54,50.02,44.97,84.86357143
25/06/11,134.28,124.76,132.19,116.28,122.91,113.38,70.36,66.07,60.09,50.77,59.54,N.S.,52.27,43.11,88.15461538
02/07/11,136.51,128.06,133.53,116.72,116.14,109.67,73.4,69.52,58.98,50.53,59.04,55.34,51.89,48.24,86.255
09/07/11,138.72,131.57,128.37,118,114.54,108.61,73.71,71.16,58.61,50.62,57.61,54.9,52.49,49.03,86.28142857
16/07/11,135.67,129.25,126.51,115.76,113.36,107.88,76.6,74.14,57.03,51.02,59.27,56.18,55.37,46.1,86.01
23/07/11,135.41,131.27,122.06,117.92,112.84,108.18,75.14,74.06,56.67,51.17,58.44,55.78,53.69,53,86.11642857
30/07/11,125.85,137.58,118.42,122.64,109.36,106.85,75.34,72.02,56.64,52.34,59.41,56.3,53.75,51.15,85.54642857
06/08/11,125.91,131.96,111.16,121,105.72,108.71,75.99,71.36,55.91,52.3,59.57,55.79,53.14,48.91,84.10214286
13/08/11,126.6,135.72,111.7,123.03,104.61,109.38,78.2,71.81,56.65,52.4,60.51,55.52,54.58,49.53,85.01714286
20/08/11,126.04,135.1,111.48,126.2,101.42,108.02,77.47,73.2,57.8,53.29,62.4,55.27,53.59,49.99,85.09071429
27/08/11,125.23,136.17,110.82,124.84,102.59,105.84,80.09,N.S.,59.03,54.27,63.47,56.88,54.64,47.28,86.24230769
03/09/11,126.5,135.83,109.15,122.13,97.5,105.7,82.02,72.98,59.5,57.46,63.23,56.18,56.11,49.3,85.25642857
10/09/11,125.08,135.37,110.45,125.3,102.12,106.66,N.S.,82.07,60.56,63.12,64.09,65.37,55.36,52.59,88.31846154
17/09/11,124.09,133.45,111.82,122.48,97.89,105.22,83.19,88.19,62.64,63.5,66.53,68.58,55.65,51.75,88.21285714
24/09/11,129.12,133.27,108.56,124.46,94.7,104.1,88.34,85.92,65.26,61.31,69.17,65.72,56.8,54.5,88.65928571
01/10/11,129.41,131.81,112.61,123.32,90.75,106.39,91.78,87,67.92,61.45,68.45,64.76,60.47,52.16,89.16285714
08/10/11,N.S.,135.56,N.S.,123.41,N.S.,106.64,94.45,85.85,68.3,62.47,74.02,65.09,62.26,50.97,84.45636364
15/10/11,127.88,133.76,110.38,N.S.,97.76,N.S.,89.74,85.06,67.47,63.41,71.11,66.86,63.54,50.36,85.61083333
22/10/11,125.23,N.S.,111.19,124.62,99.97,106.5,85.45,84.58,67.08,63.59,72.09,65.61,58.77,52.14,85.90923077
29/10/11,126.83,133.73,114.64,122.23,99.51,108.24,82.23,83.39,65.55,64.64,N.S.,66.65,60.17,51.42,90.71
05/11/11,126.16,132.73,109.8,118.83,103.47,112.1,80.83,82.63,63.37,64.54,68.84,N.S.,61.88,52.88,90.62
12/11/11,126.11,131.62,109.6,118.41,104.5,109.18,79.94,82.8,63.06,64.42,66.39,66.24,60.91,54.11,88.37785714
19/11/11,124.22,130.93,104.41,120.27,104.16,109.46,79.95,79.94,61.88,65.21,65.16,65.21,56.11,54.81,87.26571429
26/11/11,123.35,131.63,105.74,118.31,100.06,104.34,80.71,79.19,60.22,65.1,64.77,67.82,56.37,56.53,86.72428571
03/12/11,127.4,128.61,101.55,117.11,95.56,106.98,79.7,78.99,59.31,64.64,63.54,66.14,57.88,57.19,86.04285714
10/12/11,122.54,127.22,101.41,110.39,96.6,108.57,79.39,79.02,59.57,63.78,64.55,66.84,58.85,58.5,85.51642857
17/12/11,118.86,125.06,96.5,109,99.38,108.78,79.51,79.65,61.63,65.34,65.04,67.24,61.33,59.45,85.48357143
24/12/11,121.55,122.91,97.94,104.5,103.8,N.S.,80.74,80.28,64.22,65.6,66.23,68.54,62.24,60.77,84.56307692
31/12/11,124.07,119.16,97.82,N.S.,101.76,N.S.,N.S.,N.S.,N.S.,N.S.,N.S.,N.S.,N.S.,N.S.,110.7025
07/01/12,121.61,115.6,93.4,95.83,98.4,103.05,82.74,79.58,65.22,67.62,68.65,70.66,62.63,63.15,84.86714286
14/01/12,118.92,114.48,89.85,96.59,96.94,99,83.46,82.39,67.9,71.25,68,74.67,64.48,68.76,85.47785714
21/01/12,113.38,113.17,87.79,93.03,N.S.,91.7,81.79,87.15,70.43,73.27,70.52,76.5,68.22,72.6,84.58076923
28/01/12,112.13,111.39,86.06,N.S.,N.S.,88.38,82.33,82.8,71.33,73.14,70.25,75.12,67.5,69.57,82.5
04/02/12,108.9,107.94,86.95,92.2,96.18,84.39,82.19,81.49,71.37,73.22,70.06,73.1,64.24,68.31,82.89571429
11/02/12,106.69,102.18,86.81,87.99,89.23,78.54,83.67,N.S.,71.97,73.27,70.87,74.55,64.46,62.01,80.94153846
18/02/12,102.62,97.43,86.88,87.8,85.09,78.19,85.34,81.96,71.84,72.99,69.81,75.25,64.24,61.67,80.07928571
25/02/12,99.05,91.23,75.41,76.06,82.29,77.2,84.32,83.65,70.55,72.86,70.5,74.77,63.58,60.55,77.28714286
03/03/12,92.2,83.67,NS,NS,82.52,78.11,86.25,81.97,71.55,72.81,70.82,71.89,64.34,57.81,76.16166667
10/03/12,87.52,86.77,80.3,79,NS,74.65,89.21,82.46,71.92,71.21,71.43,72.44,62.85,59.2,76.07384615
17/03/12,NS,NS,NS,NS,79.99,NS,90.19,79.59,71.64,72.83,72.63,70.98,64.77,57.48,73.34444444
24/03/12,N.S.,N.S.,N.S.,N.S.,74.04,N.S.,94.43,79.19,73.49,70.55,74.8,70.02,64.27,58.37,73.24
31/03/12,80.03,71.64,88.99,66.4,112.72,85.74,92.47,79.78,74.36,69.81,76.19,63.05,65.95,58.52,77.54642857
07/04/12,102.56,125.62,133.3,66.31,122.72,133.27,N.S.,81.01,74.27,67.1,78.68,67.79,66.26,56.79,90.43692308
14/04/12,129.59,130.97,158.26,112.64,146.26,129.94,98.82,82.87,75.93,64.43,79.57,68.13,65.97,56.86,100.0171429
21/04/12,124.63,112.52,141.97,N.S.,139.73,123.07,103.04,N.S.,77.22,63.58,79.3,66.54,68.51,56.42,96.3775
28/04/12,160.41,140.62,155.88,110.66,141.57,119.53,104.59,81.67,78.26,62.11,78.85,64.71,69.14,56.62,101.7585714
05/05/12,164,135.19,158.11,131.24,138.39,113.02,99.81,80.17,79.31,60.82,79.95,64.2,69.43,57.66,102.2357143
12/05/12,162.1,129.54,155.12,127.5,145.52,114.59,97.46,80.46,81.8,57.77,83.64,63.08,72.08,56.2,101.9185714
19/05/12,164.07,131.12,158.06,123.7,150.25,119.69,101.01,76.63,86.77,57.23,88.23,60.54,75.71,55.19,103.4428571
26/05/12,171.32,127.82,160.39,123.75,156.51,126.81,99.43,72.97,91.88,57.15,89.88,58.17,78.2,53.14,104.8157143
02/06/12,173.92,125.31,159.32,121.11,156.72,133.7,97.76,70.47,93.13,55.6,89.95,55.24,81.24,50.87,104.5957143
09/06/12,174.54,129.46,161.87,121.35,153.32,131.09,97.17,69.73,92.18,57.82,88.24,58.96,81.76,51.38,104.9192857
16/06/12,166.41,132.01,158.51,126.8,149.13,125.57,95.89,71.87,88.47,59.74,85.55,57.9,78.88,50.02,103.3392857
23/06/12,163.32,134.39,154.53,129.42,141.96,122.78,91.2,70.91,82.43,59.96,83.67,59.58,78.36,52.27,101.77
30/06/12,158.63,136.63,151.69,132.21,134.74,115.87,88.75,73.19,79.2,59.1,81,58.54,79.21,51.89,100.0464286
07/07/12,160.15,138.71,148.92,133.98,129.8,114.5,90.19,74.2,77.32,58.7,80.3,60.2,80.81,52.49,100.0192857
14/07/12,157.21,135.67,143.41,126.51,127.43,113.36,93.53,76.6,76.14,57.03,79.5,59.27,80.25,55.37,98.66285714
21/07/12,154.41,135.41,144.16,122.06,129.3,112.84,94.26,75.14,77.23,56.67,80.73,58.44,80.06,53.69,98.17142857
28/07/12,154.8,125.85,142.38,118.42,128.59,109.36,95.79,75.34,78.58,56.64,82.68,59.41,80.22,53.75,97.27214286
04/08/12,152.58,125.91,143.48,111.17,127.63,105.72,97.03,75.99,81.44,55.91,84.78,59.57,83.85,53.14,97.01428571
11/08/12,151.48,126.6,143.23,111.7,126.34,104.61,95.84,78.2,84.32,56.65,86.11,60.51,85.59,54.58,97.55428571
18/08/12,149.78,126.04,141.1,111.48,124.41,101.42,95.17,77.47,84.65,57.8,87.25,62.4,85.96,53.59,97.03714286
25/08/12,151.27,125.23,142.04,110.82,125.24,102.59,93.87,80.09,87.54,59.03,89.68,63.47,87.48,54.64,98.07071429
01/09/12,148.24,126.5,138.96,109.15,122.95,97.5,N.S.,82.02,90.19,59.5,91.41,63.23,86.75,56.11,97.88538462
08/09/12,147.33,125.08,139.07,110.45,121.68,102.12,96.05,N.S.,91.72,60.56,93.24,64.09,89.27,55.36,99.69384615
15/09/12,149.61,124.09,136.53,111.82,119.97,97.89,98.84,83.19,92.12,62.64,93.07,66.53,88.13,55.65,98.57714286
22/09/12,146.99,129.12,136.01,108.56,117.89,94.7,99.18,88.34,88.77,65.26,91.44,69.17,87.24,56.8,98.53357143
29/09/12,144.86,129.41,135.26,112.61,112.58,90.75,99.31,91.78,87.22,67.92,88.49,68.45,83.94,60.47,98.075
06/10/12,N.S.,N.S.,133.24,N.S.,113.36,N.S.,98.2,94.45,84.46,68.3,87.92,74.02,83.31,62.26,89.952
13/10/12,146.07,127.88,130.98,110.38,113.75,97.75,97.21,89.74,83.76,67.47,86.65,71.11,82.96,63.54,97.80357143
20/10/12,147.22,125.23,127.64,111.19,113.36,99.97,96.37,85.45,84.38,67.08,86.88,72.09,84.98,58.77,97.18642857
27/10/12,N.S.,126.83,N.S.,114.64,N.S.,99.51,95.87,82.23,83.07,65.55,87.22,N.S.,84.82,60.17,89.991
03/11/12,145.61,126.16,129.2,109.8,120.08,103.47,95.61,80.88,83.9,63.37,87.27,68.84,82.04,61.88,97.00785714
10/11/12,150,126.11,131.32,109.6,122.44,104.5,95.5,79.94,87.61,63.06,89.23,66.39,83.62,60.91,97.87357143
17/11/12,149.59,124.22,135.22,104.41,126.3,104.16,96.76,79.95,89.27,61.88,N.S.,65.16,87.91,56.11,98.53384615
24/11/12,151.77,123.35,134.58,105.74,129.38,100.06,97.39,80.71,92.37,60.22,92.77,64.77,89.49,56.37,98.49785714
01/12/12,148.97,127.4,133.42,101.55,128.94,95.56,99.6,79.7,93.5,59.31,93.28,63.54,92.39,57.88,98.21714286
08/12/12,146.89,122.54,134.98,101.41,127.77,96.6,101.03,79.39,93.99,59.57,93.35,64.55,91.81,58.85,98.05214286
15/12/12,146.65,118.86,138.22,96.5,126.77,99.38,103.25,79.51,95.82,61.63,95.84,65.04,95.91,61.33,98.90785714
22/12/12,145.3,121.55,133.74,97.94,126.51,103.8,103.74,80.74,97.88,64.22,96.88,66.23,99.46,62.24,100.0164286
29/12/12,145.47,124.07,131.33,97.82,122.91,101.76,N.S.,N.S.,N.S.,N.S.,N.S.,N.S.,N.S.,N.S.,120.56
05/01/13,144.54,121.66,130.1,93.38,121.08,98.35,103.7,82.74,99.8,65.43,98.81,68.29,101.73,62.63,99.44571429
12/01/13,142.04,119,122.05,89.74,118.56,96.85,104.11,83.46,99.35,68.11,98.31,68.54,98.99,64.48,98.11357143
19/01/13,137.5,113.44,121.7,87.81,115.51,N.S.,101.62,82.99,97.55,70.55,96.2,70.77,97.48,68.22,97.02615385
26/01/13,139.69,112.19,116.64,86.06,112.69,N.S.,101.43,82.81,98.16,71.4,96.95,70.13,94.34,67.5,96.15307692
02/02/13,130.71,108.93,116.72,86.87,114.94,96.13,102.89,82.19,98.21,71.79,97.72,69.64,93.47,64.24,95.31785714
09/02/13,130.35,106.79,119.13,86.75,113.36,89.16,104.55,83.68,98.71,72.29,97.61,70.46,91.99,64.46,94.94928571
16/02/13,128.29,102.73,120.77,86.69,116.31,85.05,105.71,85.35,98.37,71.93,97.92,69.64,91.77,64.24,94.62642857
23/02/13,133.19,99.14,121.85,75.29,121.78,82.2,107.89,84.33,97.86,70.79,99.32,70.59,87.03,63.58,93.91714286
02/03/13,140.62,92.43,N.S.,N.S.,N.S.,82.46,110.03,86.26,99.83,71.87,102.18,70.88,84.98,64.34,91.44363636
09/03/13,137.56,87.56,122.39,80.16,124.68,N.S.,116.86,89.23,104,72.58,107.23,71.62,91.28,62.85,97.53846154
16/03/13,N.S.,N.S.,N.S.,N.S.,N.S.,79.96,124.3,90.21,107.93,71.83,11.6,72.88,94.41,64.77,79.76555556
16/03/13,N.S.,N.S.,N.S.,N.S.,N.S.,79.96,124.3,90.21,107.93,71.83,111.6,72.88,94.41,64.77,90.87666667
23/03/13,134.46,N.S.,127.98,N.S.,134.72,74.01,134.62,94.41,110.75,73.68,116.04,74.92,99.61,64.27,103.2891667
30/03/13,N.S.,80.1,N.S.,88.87,N.S.,112.65,N.S.,99.04,109.63,74.56,117.47,76.41,96.79,65.96,92.148
06/04/13,132.08,102.56,131.67,133.3,143.98,122.72,131.81,N.S.,109.48,74.27,113.03,78.68,96.11,66.26,110.4576923
13/04/13,137.72,129.59,157.5,158.26,144.44,146.26,129.78,98.82,105.02,75.93,110.35,79.57,91.84,65.97,116.5035714
20/04/13,156.49,124.63,163.52,141.97,138.81,139.73,126.37,103.04,102.82,77.22,105.52,79.3,89.94,68.51,115.5621429
27/04/13,157,160.41,156.28,155.88,132.53,141.57,124.09,104.59,100.64,78.26,103.43,78.85,87.24,69.14,117.8507143
04/05/13,158.93,164,151.43,158.11,130.19,138.39,117.51,99.81,97.28,79.31,99,79.95,83.61,69.43,116.2107143
11/05/13,153.75,162.1,145.64,155.12,129.73,145.52,108.7,97.46,93.37,81.8,93.02,83.64,82.59,72.08,114.6085714
18/05/13,155.68,164.07,148.31,158.06,128.01,150.25,107.59,101.01,91.3,86.77,93.34,88.23,84.08,75.71,116.6007143
25/05/13,151.69,171.32,141.91,160.39,134.02,156.51,110.63,99.43,92.33,91.88,95.3,89.88,87.42,78.2,118.6364286
01/06/13,149.53,173.92,135.41,159.32,137.82,156.72,113.82,97.76,92.19,93.13,96.97,89.95,89.67,81.24,119.1035714
08/06/13,147.56,174.54,138.72,161.87,138.85,153.32,111.2,97.17,91.96,92.18,95.82,88.24,88.45,81.76,118.6885714
15/06/13,144.87,166.41,141.25,158.51,139.41,149.13,108.96,95.89,90.54,88.47,95.67,85.55,90.33,78.88,116.705
22/06/13,148.54,163.32,142.94,154.53,137.11,141.96,109.02,91.2,91.59,82.43,95.75,83.67,93.31,78.36,115.2664286
29/06/13,155.34,158.63,147.02,151.69,133.01,134.74,109.66,88.75,91.85,79.2,95.99,81,92.75,79.21,114.2028571
06/07/13,158.62,160.15,148.91,148.92,128.06,129.8,109.09,90.19,91,77.32,95.76,80.3,94.23,80.81,113.7971429
13/07/13,157.33,157.21,146.8,143.41,126.88,127.43,109.65,93.53,87.99,76.14,92.23,79.5,92.5,80.25,112.2035714
20/07/13,153.68,154.41,144.93,144.16,124.85,129.3,113.79,94.26,85.41,77.23,91.64,80.73,91.78,80.06,111.8735714
27/07/13,150.47,154.8,142.14,142.38,123.97,128.59,116.45,95.79,83.93,78.58,91.76,82.68,91.87,80.22,111.6878571
03/08/13,147.6,152.58,140.94,143.48,121.56,127.63,117.24,97.03,85.2,81.44,92.35,84.78,87.94,83.85,111.6871429
10/08/13,150.85,151.48,139.6,143.23,118.31,126.34,123.69,95.84,84.59,84.32,94.01,86.11,86.24,85.59,112.1571429
17/08/13,155.04,149.78,134.78,141.1,115.8,124.41,123.24,95.17,84.85,84.65,92.94,87.25,84.54,85.96,111.3935714
24/08/13,146.78,151.27,132.56,142.04,116.48,125.24,121.7,93.87,84.4,87.54,92.96,89.68,84.17,87.48,111.155
31/08/13,146.59,148.24,132.48,138.96,114.78,122.95,125.16,N.S.,86.43,90.19,95.25,91.41,88.1,86.75,112.8684615
07/09/13,144.05,147.33,129.22,139.07,113.9,121.68,128.2,96.05,86.68,91.72,98.95,93.24,92.87,89.27,112.3021429
14/09/13,145.36,149.61,131.07,136.53,115.76,119.97,128.62,98.84,87.93,92.12,101.39,93.07,90.39,88.13,112.7707143
21/09/13,145.77,146.99,131.85,136.01,116.66,117.89,N.S.Â ,99.18,87.87,88.77,99.81,91.44,89.14,87.24,110.6630769
28/09/13,148.1,144.86,131.59,135.26,117.97,112.58,130.67,99.31,87.94,87.22,98.52,88.49,87.05,83.94,110.9642857
05/10/13,148.01,N.S.,135.37,133.24,116.82,113.36,122.77,98.2,86.29,84.46,95.26,87.92,85.66,83.31,106.9746154
12/10/13,148.81,146.07,137.32,130.98,115.06,113.75,118.35,97.21,84.45,83.76,96.28,86.65,82.92,82.96,108.8978571
19/10/13,N.S.,147.22,N.S.,127.64,N.S.,113.36,111.16,96.37,79.37,84.38,89.75,86.88,78.49,84.98,99.96363636
26/10/13,148.04,N.S.,132.51,N.S.,118.36,N.S.,108.72,95.87,77.29,83.07,85.07,87.22,76.88,84.82,99.80454545
02/11/13,145.11,145.61,130.12,129.2,117.65,120.08,109.59,95.61,73.69,83.9,N.S.,87.27,75.48,82.04,107.3346154
09/11/13,144.78,149.67,131.78,131.32,120.62,122.44,107.97,95.5,71.71,87.61,81.89,89.23,75.77,83.62,106.7078571
16/11/13,144.73,149.59,130.6,135.22,121.57,126.3,104.03,96.76,74.35,89.27,82.51,N.S.,77.55,87.91,109.2607692
23/11/13,146.15,151.77,126.04,134.58,126.58,129.38,103.56,97.39,76.15,92.37,84.36,92.77,80.97,89.49,109.3971429
30/11/13,153.33,148.97,124.02,133.42,123.1,128.94,100.54,99.6,74.34,93.5,80.88,93.28,75.05,92.39,108.6685714
07/12/13,152.31,146.89,124.53,134.98,120.67,127.77,95.38,101.03,72.31,93.99,81.19,93.35,75.6,91.81,107.9864286
21/12/13,143.51,145.3,118.65,133.74,120.28,126.51,98.56,103.74,73.19,97.88,80.38,96.88,76.66,99.46,108.1957143
28/12/13,143.77,145.47,117.81,131.33,123.35,122.91,NS,NS,NS,NS,NS,NS,NS,NS,130.7733333
04/01/14,145.31,144.54,116.88,130.1,122.44,121.08,100.85,103.7,76.76,99.8,82.52,98.81,69.68,101.73,108.1571429
11/01/14,136.13,142.04,113.2,122.05,118.12,118.56,110.29,104.11,78.45,99.35,84.12,98.31,73.58,98.99,106.95
18/01/14,129.64,137.5,107.86,121.7,113.71,115.51,112.07,101.62,82.15,97.55,88.96,96.2,82.59,97.48,106.0385714
25/01/14,125.62,139.69,107.82,116.64,110.77,112.69,106.8,101.43,82.79,98.16,90.2,96.95,79.43,94.34,104.5235714
01/02/14,120.33,130.71,107.47,116.72,106.67,114.94,109.07,102.89,84.47,98.21,92.61,97.72,74.8,93.47,103.5771429
08/02/14,119.04,130.35,105.06,119.13,105.34,113.36,109.64,104.55,84.79,98.71,90.46,97.61,74.49,91.99,103.18
15/02/14,116.41,128.29,110.56,120.77,98.59,116.31,111.91,105.71,85.79,98.37,89.69,97.92,73.82,91.77,103.2792857
22/02/14,114.99,133.19,115.12,121.85,95.6,121.78,111.42,107.89,83.28,97.86,91.78,99.32,71.98,87.03,103.7921429
01/03/14,N.S.,140.62,N.S.,N.S.,N.S.,N.S.,108.24,110.03,82.84,99.83,91.12,102.18,74.76,84.98,99.4
08/03/14,109.66,137.56,109.59,122.39,95.06,124.68,107.63,116.86,82.25,104,87.79,107.23,75.49,91.28,105.105
15/03/14,NS,NS,NS,NS,NS,NS,106.92,124.3,80.85,107.93,85.76,111.6,70.64,94.41,97.80125
22/03/14,NS,134.46,NS,127.98,NS,134.72,107.35,134.62,76.32,110.75,83.51,116.04,70.72,99.61,108.7345455
29/03/14,102.38,NS,91.43,NS,95.63,NS,109.19,NS,73.59,109.63,84.07,117.47,67.56,96.79,94.774
05/04/14,113.96,132.08,131.47,131.67,148.92,143.98,109.34,131.81,72.24,109.48,82.89,113.03,64.64,96.11,112.9728571
12/04/14,162.95,137.72,164.36,157.5,149.73,144.43,108.6,129.78,72.68,105.02,82.75,110.35,65.13,91.84,120.2028571
19/04/14,133.67,156.49,140.78,163.52,150.23,138.81,NS,126.37,72.27,102.82,81.85,105.52,66.56,89.94,117.6023077
26/04/14,167.68,157,159.54,156.28,145.82,132.53,107.64,124.09,77.3,100.64,85.3,103.43,65.11,87.24,119.2571429
03/05/14,167.02,158.93,166.38,151.43,146.68,130.2,111.32,117.51,80.67,97.28,88.58,99,60.93,83.61,118.5385714
10/05/14,161.06,153.75,165.04,145.64,140.12,129.75,108.17,108.7,82.38,93.37,92.06,93.02,63.31,82.59,115.64
17/05/14,164.01,155.68,158.48,148.31,138.36,127.96,107.17,107.59,79.82,91.3,91.43,93.34,62.4,84.8,115.0464286
24/05/14,160.61,151.69,160.93,141.91,140.85,134.02,103.2,110.63,80.89,92.33,88.36,95.3,61.53,87.42,114.9764286
31/05/14,160.14,149.53,163.76,135.41,137.38,137.83,99.06,113.82,78.29,92.19,86.53,96.97,61.77,89.67,114.4535714
07/06/14,162.49,147.56,163.39,138.74,143.9,138.86,94.48,111.2,76.43,91.96,85.56,95.82,60,88.45,114.2028571
14/06/14,166.56,144.87,171.55,141.25,151.22,139.41,92.13,108.96,75.26,90.54,82.77,95.67,58.71,90.33,114.945
21/06/14,174.66,148.54,176.29,142.94,158.51,137.11,92.98,109.02,76.38,91.59,78.74,95.75,59.46,93.31,116.8057143
28/06/14,182.85,155.34,177.29,147.02,154.99,133.01,94.54,109.66,76.27,91.85,80.66,95.99,57.97,92.75,117.8707143
05/07/14,186.1,158.62,174.18,148.91,148.12,128.06,94.77,109.09,73.04,91,76.15,95.76,57.62,94.23,116.8321429
12/07/14,189.38,157.33,174.07,146.8,144.1,126.88,96.8,109.65,74.71,87.99,80.55,92.33,55.22,92.5,116.3078571
19/07/14,181.2,153.68,165.71,144.93,138.56,124.85,95.8,113.79,66.66,85.41,73.92,91.64,56.97,91.78,113.2071429
26/07/14,176.66,150.47,162.26,142.14,134.38,123.97,98.73,116.45,65.6,83.93,72.59,91.76,57.05,91.87,111.99
02/08/14,169.05,147.6,158.57,140.94,132,121.56,97.51,117.24,66.39,85.2,70.51,92.35,55.8,87.94,110.19
09/08/14,164.98,150.85,152.84,139.61,129.43,118.32,92.55,123.69,63.93,84.59,69.77,94.01,53.22,86.24,108.8592857
16/08/14,161.16,155.04,151.07,134.78,127.6,115.81,95.41,123.24,62.45,84.85,69.18,92.94,50.73,84.54,107.7714286
23/08/14,157.06,146.78,146.97,132.56,124.24,116.48,93.65,121.7,62.7,84.4,70.4,92.96,50.19,84.17,106.0185714
30/08/14,155.34,146.59,145.57,132.27,121.54,114.81,94.47,125.16,63.04,86.43,68.27,95.25,52.42,88.1,106.3757143
06/09/14,151.73,144.05,140.92,129.23,123.22,113.91,96.22,128.2,66.79,86.68,71.43,98.95,49.11,92.87,106.665
13/09/14,147.62,145.36,142,131.08,123.96,115.78,NS,128.62,70.44,87.93,71.55,101.39,48.21,90.39,108.0253846
20/09/14,152.43,145.77,135.82,131.85,124.2,116.66,98.45,NS,74.67,87.87,75.91,99.81,48.98,89.14,106.2738462
27/09/14,149.44,148.1,137.67,131.59,122.03,117.97,100.46,130.67,76.53,87.94,77.7,98.44,51.51,87.05,108.3642857
04/10/14,NS,148.01,NS,135.36,NS,116.84,99.47,122.77,76.14,86.29,83.71,95.26,52.21,85.66,100.1563636
11/10/14,150.25,148.81,135.5,137.32,121.34,115.06,100.06,118.35,72.99,84.45,79.19,96.25,50.87,82.92,106.6685714
18/10/14,151.82,NS,136.25,NS,119.85,NS,97.69,111.16,69.82,79.37,80.16,89.75,50.23,78.49,96.78090909
25/10/14,151.69,148.04,136.59,132.51,119.78,118.36,93.57,108.72,65.14,77.29,,NS85.07,49.29,76.88,106.4883333
01/11/14,153.01,145.11,136.55,130.12,126,117.66,88.88,109.59,63.44,73.69,74.76,NS,50.72,75.48,103.4623077
08/11/14,156.5,144.78,137.04,131.78,123.03,120.62,88.71,107.97,62.74,71.71,74.44,81.88,48.79,75.77,101.84
15/11/14,161.67,144.73,140.05,130.55,128.5,121.57,87.08,104.03,60.91,74.35,72.73,82.51,49.5,77.55,102.5521429
22/11/14,164.8,146.15,135.24,126.04,128.12,126.57,86,103.56,61.42,76.15,73.09,84.36,49.34,80.37,102.9435714
29/11/14,164.65,153.33,135.22,124.02,122.26,123.1,90.26,100.54,62.33,74.34,73.4,80.88,49.15,75.05,102.0378571
06/12/14,167.18,152.31,133.87,124.54,120.98,120.67,91.82,95.38,63.99,72.31,75.18,81.18,50.13,75.6,101.7957143
13/12/14,162.89,146.96,133.06,121.76,120.28,125.78,96.27,96.62,65.53,71.78,75.23,79.85,49.87,76.89,101.6264286
20/12/14,163.07,143.51,125.9,118.65,120.92,120.25,101.03,98.56,68.65,73.19,74.65,80.36,49.74,76.66,101.0814286
27/12/14,154,143.77,126.21,117.81,123.58,123.35,NS,NS,NS,NS,NS,NS,NS,NS,131.4533333
03/01/15,147.87,145.31,119.08,116.88,121.55,122.44,99.48,100.85,71.27,76.76,76.15,82.52,50.09,69.68,99.995
10/01/15,144.55,136.13,113.5,113.2,122.51,118.12,96.74,110.29,72.14,78.45,78.43,84.12,51.03,73.58,99.485
17/01/15,143.8,129.64,122.39,107.87,123.11,113.71,97.2,112.07,77.25,82.15,78.72,88.96,52.94,82.59,100.8857143
24/01/15,135.29,125.62,108.54,107.83,119.21,110.77,94.95,106.8,78.38,82.79,80.16,90.2,56.12,79.43,98.29214286
31/01/15,131.11,120.33,105.44,107.47,111.55,106.67,96.43,109.07,78.93,84.47,81.06,92.61,56.67,74.8,96.90071429
07/02/15,123.81,119.04,100.35,105.08,102.42,105.34,96.13,109.64,80.16,84.79,81.69,90.46,58.71,74.49,95.15071429
14/02/15,121.37,116.41,101.16,110.58,97.64,98.58,99.95,111.91,78.95,85.79,80.87,89.69,60.67,73.82,94.81357143
21/02/15,110.66,114.99,102.71,115.12,88.67,95.6,99.69,111.42,78.97,83.28,80.03,91.78,63.18,71.98,93.43428571
28/02/15,96.04,NS,104.08,NS,82.23,NS,98.6,108.24,78.55,82.84,80.9,91.12,63.62,74.76,87.36181818
07/03/15,86.73,109.66,100.93,109.59,NS,95.07,95.77,107.63,79.32,82.25,80.54,82.79,65.12,75.49,90.06846154
14/03/15,91.99,NS,104.98,NS,77.08,NS,95.85,106.92,77.67,80.85,79.32,85.76,66.16,70.64,85.20181818
21/03/15,NS,NS,NS,NS,78.45,NS,94.63,107.35,78.68,76.32,79.4,83.51,65.3,70.72,81.59555556
28/03/15,84.97,102.38,NS,91.43,125.35,95.63,97.94,109.19,78.3,73.59,80.36,84.07,59.12,67.56,88.45307692
04/04/15,NS,113.96,91.7,131.47,122.7,148.92,NS,109.34,77.58,72.24,80.03,82.89,61.85,64.64,96.44333333
11/04/15,108.09,162.95,138.15,164.36,137.2,149.73,100.11,108.6,76.49,72.68,79.21,82.75,60.17,65.13,107.5442857
18/04/15,110.39,133.67,156.83,140.78,140.5,150.21,100.84,NS,77.26,72.27,77.49,81.85,59.21,66.56,105.22
25/04/15,164.5,167.68,120.68,159.54,139.3,145.8,97.71,107.64,75.44,77.3,78.49,85.3,55.87,65.11,110.0257143
02/05/15,154.19,167.02,147.73,166.38,133.22,146.69,94.76,111.32,73.41,80.67,77.54,88.58,55.19,60.93,111.2592857
09/05/15,148.11,161.06,148.38,165.04,130.77,140.12,92.88,108.17,71.37,82.38,78.31,92.06,57.96,63.31,109.9942857
16/05/15,153.55,164.01,143.06,158.48,129.71,138.38,90.86,107.17,68.19,79.62,73.59,91.43,56.37,62.4,108.3442857
23/05/15,145.07,161.6,145.4,160.93,136.3,140.85,91.01,103.2,64.89,80.89,70.93,88.36,55.83,61.53,107.6278571
30/05/15,157.29,160.14,143.73,163.76,135.62,137.38,91.02,99.06,61.78,78.29,69.99,86.53,55.11,61.77,107.2478571
06/06/15,153.48,162.49,149.26,163.45,133,143.9,88.88,94.48,62.74,76.43,70.48,85.56,52.14,60,106.8778571
13/06/15,153.25,166.56,150.97,171.58,130.51,151.22,87.56,92.13,63.1,75.26,69.07,82.77,52.76,58.71,107.5321429
20/06/15,161.95,174.66,151.84,176.29,130.38,158.51,86.8,92.98,65.29,76.38,71.98,78.74,56.72,59.46,110.1414286
27/06/15,163.57,182.85,153.2,177.33,127.75,154.91,86.42,94.54,67.8,76.27,72.92,80.66,58.85,57.97,111.0742857
04/07/15,155.47,186.1,153.59,174.18,126.32,148.11,87.9,94.77,68.27,73.04,72.4,76.15,60.85,57.62,109.6264286
11/07/15,163.85,189.38,155.18,174.07,124.03,144.1,87.62,96.8,67.88,74.71,72.88,80.55,59.77,55.22,110.4314286
18/07/15,169.33,181.2,150.99,165.71,126.49,138.57,87.72,95.8,65.03,66.66,73.46,73.92,58.21,56.97,107.8614286
25/07/15,169.12,176.66,156.88,162.34,128.52,134.38,85.56,98.73,65.28,65.6,69.54,72.59,58.19,57.05,107.1742857
01/08/15,169.45,169.05,152.64,158.58,126.78,132,86.06,97.51,64.68,66.39,71.21,70.51,55.26,55.8,105.4228571
08/08/15,163.72,164.98,151.02,152.83,127.01,129.44,86.66,92.25,64.57,63.93,70.21,69.77,56.71,53.22,103.3085714
15/08/15,166.07,161.16,151.38,151.07,123.26,127.6,90.11,95.41,64.18,62.54,70.27,69.18,58.3,50.73,102.9471429
22/08/15,170.35,157.06,152.27,146.97,120.75,124.24,91.13,93.65,64.39,62.7,71.34,70.4,54.57,50.19,102.1435714
29/08/15,168.49,155.34,152.24,145.57,119.17,121.53,NS,94.47,64.38,63.04,71.58,68.27,52.17,52.42,102.2053846
05/09/15,165.47,151.73,149.82,140.92,120.68,123.22,91.47,96.22,65.05,66.79,71.95,71.43,54.72,49.11,101.3271429
12/09/15,164.57,147.62,144.06,142,118.19,123.96,89.7,NS,65.68,70.44,69.66,71.55,54.33,48.21,100.7669231
19/09/15,164.58,152.43,144.42,135.82,116.21,124.2,92.89,98.45,67.02,74.67,72.62,75.91,50.24,48.98,101.3171429
26/09/15,158.22,149.44,146.82,137.67,115.23,122.03,98.5,100.46,68.4,76.53,72.51,77.7,55.13,51.51,102.1535714
03/10/15,153.9,NS,145.37,NS,110.88,NS,100.7,99.47,68.3,76.14,75.89,83.71,56.15,52.21,92.97454545
10/10/15,162.17,150.25,141.25,135.5,112.72,121.34,101.07,100.06,69.74,72.99,75.41,79.19,54.91,50.87,101.9621429
17/10/15,157.02,151.82,140.92,136.25,115.19,119.85,105.6,97.69,72.71,69.82,81.11,80.16,51.72,50.23,102.1492857
24/10/15,NS,151.69,NS,136.59,NS,119.78,106.71,93.57,73.26,65.14,77.93,NS,54.32,49.29,92.828
31/10/15,153.37,153.01,140.56,136.55,120.13,126,101.26,88.88,72.12,63.44,81.35,74.76,56.19,50.72,101.31
07/11/15,155.49,156.5,141.27,137.04,121.91,123.03,94.38,88.71,72.45,62.74,79.24,74.44,57.25,48.79,100.9457143
14/11/15,154.15,161.67,147.66,140.05,NS,128.5,93.67,87.08,NS,60.91,NS,72.73,60.51,49.5,105.13
21/11/15,152.56,164.8,141.95,135.24,125.17,128.12,94.81,86,73.33,61.42,79.55,73.09,62.93,49.34,102.0221429
28/11/15,157.92,164.65,144.91,135.22,132.17,122.26,105.3,90.26,75.52,62.33,80.56,73.4,64.3,49.15,104.1392857
05/12/15,154.94,167.18,137,133.87,125.47,120.98,103.73,91.82,78.69,63.99,81.06,75.18,63.39,50.13,103.3878571
12/12/15,155.83,162.89,133.57,133.06,120.7,120.28,105.87,96.27,80.87,65.53,83.87,75.23,66.11,49.87,103.5678571
19/12/15,157.45,163.07,134.46,125.9,125.55,120.92,107.85,101.03,82.18,68.65,86.85,74.65,68.76,49.74,104.79
26/12/15,153.79,154,135.27,126.18,128.56,123.58,NS,NS,83.51,NS,NS,NS,72.87,NS,122.22
02/01/16,147.26,147.87,125.94,119.08,124.8,121.53,108.58,99.48,NS,71.27,88.49,76.15,74.7,50.09,104.2492308
09/01/16,145.47,144.55,129.16,113.5,124.25,122.51,113.81,96.74,89.47,72.14,91.4,78.43,74.67,51.03,103.3664286
16/01/16,139.57,143.8,128.57,122.39,119.06,123.11,118.93,97.2,94.44,77.25,94.73,78.72,79.5,52.94,105.015
23/01/16,131.62,135.29,115.34,108.54,116.5,119.21,119.64,94.95,96.8,78.38,97.91,80.16,78.17,56.12,102.045
30/01/16,122.06,131.11,115.69,105.44,110.25,111.55,121.41,96.43,102.74,78.93,101.11,81.06,80.16,56.67,101.0435714
06/02/16,117.94,123.81,113.04,100.35,105.48,102.42,123.56,96.13,104.49,80.16,103.93,81.69,83.86,58.71,99.68357143
13/02/16,122.26,121.37,113.29,101.16,101.94,97.64,121.57,99.95,110.64,78.95,105.64,80.87,84.45,60.67,100.0285714
20/02/16,119.41,110.66,108.19,102.71,104.43,88.67,120.07,99.69,109.94,78.97,105.22,80.03,81.3,63.18,98.03357143
27/02/16,109.77,96.04,108.52,104.08,NS,82.23,114.44,98.6,106.62,78.55,103.37,80.9,82.49,63.62,94.55615385
05/03/16,NS,86.73,NS,101,102.43,NS,109.51,95.77,100.18,79.32,97.86,80.54,79.83,65.12,90.75363636
12/03/16,NS,91.99,105.35,104.98,NS,77.08,107.11,95.85,94.19,77.67,94.58,79.32,78.88,66.16,89.43
19/03/16,111.62,NS,NS,NS,NS,78.45,111.15,94.64,91.66,78.68,95.91,79.4,80.96,65.3,88.777
26/03/16,NS,84.97,NS,NS,NS,125.35,NS,97.94,90.74,78.3,96.56,80.36,79.96,59.12,88.14444444
02/04/16,NS,NS,119.11,91.7,140.78,122.7,116,NS,91.59,77.58,98,80.03,83.15,61.85,98.40818182
09/04/16,143.69,108.09,170.53,138.15,160,137.2,115.66,100.11,93.73,76.49,100.55,79.21,83.17,60.17,111.9107143
16/04/16,164.44,110.39,154.38,156.83,146.8,140.5,112.86,100.84,93.59,77.26,99.98,77.49,85.48,59.21,112.8607143
23/04/16,160.41,164.5,146.24,120.68,135.71,139.3,110.46,97.71,92.97,75.44,99.68,78.49,87.98,55.87,111.8171429
30/04/16,149.14,154.19,139.84,147.73,130.81,133.33,109.97,94.76,95.62,73.41,100.94,77.54,87.11,55.19,110.6842857
07/05/16,146.67,148.11,133.41,148.38,131.53,130.77,112.35,92.28,96.23,71.37,103.15,78.31,90.01,57.96,110.0378571
14/05/16,150.15,153.55,136.08,143.06,136.63,129.71,115.3,90.86,96.35,68.19,102.37,73.59,87.18,56.37,109.9564286
21/05/16,145.09,145.07,129.3,145.4,142.38,136.3,113.75,91.01,95.24,64.89,100.15,70.93,84.88,55.83,108.5871429
28/05/16,144.66,157.29,133.69,143.73,141.03,135.62,114.01,91.02,96.49,61.78,100.13,69.99,85.41,55.11,109.2828571
04/06/16,144.51,153.48,146.46,149.26,144.44,133,111.23,88.88,97.36,62.74,100.94,70.48,87.85,52.14,110.1978571
11/06/16,154.04,153.28,150.08,150.97,142.79,130.51,114.28,87.56,98.48,63.1,102.17,69.07,91.04,52.76,111.4378571
18/06/16,163.88,161.95,152.99,151.84,145.44,130.38,123.7,86.8,98.16,65.29,100.54,71.98,89.39,56.72,114.2185714
25/06/16,163.93,163.57,152.88,153.2,118.13,127.75,113.94,86.42,96.94,67.8,100.17,72.92,88.47,58.85,111.7835714
02/07/16,168.49,155.47,154.87,153.59,111.33,126.32,114.66,87.9,96.19,68.27,98.93,72.4,84.6,60.85,110.9907143
09/07/16,163.96,163.85,155.34,155.18,140.11,124.03,111.72,87.62,94.84,67.88,97.13,72.88,84.41,59.77,112.7657143
16/07/16,171.5,169.33,154.04,150.99,142.89,126.49,113.15,87.72,91,65.03,94.33,73.46,82.86,58.21,112.9285714
23/07/16,162.54,169.12,149.85,156.88,138.38,128.52,114.23,85.56,87.62,65.28,92.73,69.54,81.56,58.19,111.4285714
30/07/16,159.43,169.45,146.07,152.64,135.79,126.78,115.98,86.06,85.42,64.68,91.17,71.21,79.49,55.26,109.9592857
06/08/16,159.4,163.72,144.15,151.02,132.32,127.01,114.47,86.66,85.97,64.57,90.28,70.21,78.33,56.71,108.9157143
13/08/16,158.31,166.07,143.12,151.38,128.79,123.26,111.68,90.11,87.89,64.18,91.48,70.27,77.76,58.3,108.7571429
20/08/16,155.05,170.35,141.17,152.27,125.14,120.75,111.39,91.13,90.82,64.39,93.72,71.34,78.43,54.57,108.6085714
27/08/16,150,168.49,142.04,152.24,127.29,119.17,114.7,NS,92.73,64.38,96.43,71.58,77.37,52.17,109.8915385
03/09/16,151.35,165.47,141.28,149.82,130.08,120.68,114.62,91.47,95.97,65.05,97.25,71.95,78.87,54.72,109.1842857
10/09/16,149.9,164.57,140.12,144.06,131.55,118.19,111.51,89.7,98.21,65.68,99.73,69.66,82.26,54.33,108.5335714
17/09/16,150.2,164.58,137.97,144.42,129.82,116.21,NS,92.89,99.41,67.02,99.91,72.62,84.79,50.24,108.4676923
24/09/16,149.87,158.22,139.27,146.82,129.71,115.23,111.12,98.5,98.79,68.4,100.02,72.51,88.03,55.13,109.4014286
01/10/16,147.47,153.9,138.78,145.37,130.52,110.88,111.49,100.7,98.24,68.3,100.8,75.89,88.52,56.21,109.0764286
08/10/16,144.54,162.17,139.15,141.25,127.22,112.72,110.64,101.07,97.46,69.74,100.82,75.41,88.07,54.92,108.9414286
15/10/16,NS,157.02,NS,140.93,NS,115.19,111.45,105.6,95.58,72.71,102.4,81.11,88.4,51.73,102.0109091
22/10/16,148.41,NS,140.46,NS,NS,NS,112.52,106.71,97.23,73.26,99.43,77.93,86.53,54.32,99.68
29/10/16,147.48,153.37,137.98,140.56,129.59,120.13,112.54,101.26,NS,72.12,NS,81.35,89.57,56.19,111.845
05/11/16,150.34,155.49,137.18,141.27,132.45,121.91,112.43,94.38,98.47,72.45,100.27,79.24,91.34,57.25,110.3192857
12/11/16,152.38,154.15,138.84,147.66,130.27,NS,114.73,93.67,98.66,NS,101.07,NS,90.99,60.51,116.63
19/11/16,154.58,152.56,137.02,141.95,124,125.17,111.1,94.81,98.54,73.33,101.58,79.55,91.26,62.93,110.5985714
26/11/16,154.83,157.92,138.11,144.91,128.47,132.17,110,105.3,100.18,75.52,101.16,80.56,94.59,64.3,113.43
03/12/16,152.06,154.94,133.44,137,126.55,125.47,109.31,103.73,101.88,78.69,101.75,81.06,95.72,63.39,111.785
10/12/16,148.35,155.83,133.78,133.57,125.89,120.7,108.17,105.87,103.81,80.87,103.24,83.87,94.43,66.11,111.7492857
17/12/16,148.67,157.45,130.57,134.46,128.84,125.55,110.55,107.85,104.97,82.18,103.9,86.85,94.62,68.76,113.23
24/12/16,144.88,153.79,131.35,135.27,128.9,128.56,111.99,NS,106.73,83.51,107.22,NS,95.43,72.87,116.7083333
31/12/16,NS,147.26,127.81,125.94,126.14,124.8,NS,108.58,NS,NS,NS,88.49,99.14,74.7,113.6511111
07/01/17,142.07,145.47,123.86,129.16,123.5,124.25,112.85,113.81,108.25,89.47,106.49,91.4,99.02,74.67,113.1621429
14/01/17,137.42,139.57,119.67,128.57,119.96,119.06,115.75,118.93,108.48,94.44,107.22,94.73,101.62,79.5,113.2085714
21/01/17,138.95,131.62,118.2,115.34,113.58,116.51,119.11,119.64,106.54,96.8,108.3,97.91,100.75,78.17,111.53
28/01/17,131.53,122.06,111.18,115.69,109.11,110.25,121.13,121.41,105.43,102.74,109.01,101.11,99.08,80.16,109.9921429
04/02/17,129.21,117.94,106.14,113.04,105.52,105.48,124.04,123.56,105.11,104.49,110.27,103.93,98.56,83.86,109.3678571
11/02/17,123.73,122.26,105.59,113.29,105.33,101.94,128.9,121.57,105.85,110.64,113.49,105.64,98.19,84.45,110.0621429
18/02/17,116.79,119.41,106.49,108.19,106.19,104.43,133.16,120.07,106.59,109.94,112.55,105.22,97.7,81.3,109.145
25/02/17,110.41,109.77,110.2,108.52,NS,NS,132,114.44,108.6,106.62,113.04,103.37,97.89,82.49,108.1125
04/03/17,108.12,NS,106.32,NS,101.86,102.43,135.01,109.51,109.65,100.18,114.44,97.86,97.22,79.83,105.2025
11/03/17,108.97,NS,104.74,105.35,NS,NS,135.13,107.11,109.18,94.19,115.13,94.58,95.04,78.88,104.3909091
18/03/17,106.99,111.62,109.54,NS,NS,NS,133.43,111.15,107.45,91.66,113.49,95.91,94.04,80.96,105.1127273
25/03/17,105.09,NS,NS,NS,97.73,NS,133.78,NS,105.74,90.74,110.62,96.56,95.9,79.96,101.7911111
01/04/17,NS,NS,106.49,119.11,120.34,140.78,136.6,116,106.38,91.59,110.1,98,95.66,83.15,110.35
08/04/17,112.7,143.69,130.71,170.53,144.27,160,137.24,115.66,105.81,93.73,110.9,100.55,98.26,83.17,121.9442857
15/04/17,120.65,164.44,161.34,154.38,143.2,146.8,NS,112.86,104.23,93.59,110.49,99.98,96.76,85.48,122.6307692
22/04/17,151.77,160.41,158.44,146.24,137.23,135.71,134.19,110.46,99.16,92.97,106.5,99.68,96.31,87.98,122.6464286
29/04/17,148.44,149.14,148.5,139.84,139.73,130.81,125.2,109.97,91.33,95.62,101.33,100.94,96.36,87.11,118.88
06/05/17,148.71,146.67,142.07,133.41,138.16,131.53,116.42,112.35,86.4,96.23,99.22,103.15,95.32,90.01,117.1178571
13/05/17,149.13,150.15,139.2,136.08,140.96,136.63,114.49,115.3,86.95,96.35,93.87,102.37,89.49,87.18,117.0107143
20/05/17,147.06,145.09,131.78,129.3,143.32,142.38,115.9,113.75,86.31,95.24,93.59,100.15,88.57,84.88,115.5228571
27/05/17,140.33,144.66,131.32,133.69,135.55,141.03,112.16,114.01,83.01,96.49,93.16,100.13,83.67,85.41,113.9014286
03/06/17,139.43,144.51,140.04,146.46,132.88,144.44,107.8,111.23,78.68,97.36,89.79,100.94,82.29,87.85,114.55
10/06/17,149.52,154.04,150.17,150.08,138.24,142.79,110.95,114.28,77.07,98.48,88.22,102.17,80.13,91.04,117.6557143
17/06/17,159.84,163.88,157.29,152.99,144.49,145.44,110.07,112.7,76.35,98.16,87.62,100.54,77.91,89.39,119.7621429
24/06/17,161.95,163.93,157.62,152.88,141,118.83,107.4,113.94,76.62,96.94,87.92,100.17,80.61,88.47,117.7342857
01/07/17,165.76,168.49,150.69,154.87,135.59,111.33,103.98,114.66,72.06,96.19,88.4,98.93,74.31,84.6,115.7042857
08/07/17,170.56,163.96,152.63,155.34,132.59,140.11,104.92,111.72,76.37,94.84,92.89,97.13,67.8,84.41,117.5192857
15/07/17,160.57,171.5,151.21,154.04,132.76,142.89,106.61,113.15,69.83,91,86.87,94.33,63.19,82.86,115.7721429
22/07/17,165.87,162.54,151.19,149.85,129.39,138.38,104.76,114.23,71.86,87.62,82.61,92.73,62.5,81.56,113.935
29/07/17,162.98,159.43,153.23,146.07,126.41,135.79,106.11,115.98,74.01,85.42,80.45,91.17,62.86,79.49,112.8142857
05/08/17,154.56,159.4,156.28,144.15,127.64,132.32,106.82,114.47,73.75,85.97,83.33,90.28,62.51,78.33,112.1292857
12/08/17,164.03,158.31,156.38,143.12,124.33,128.79,108.51,111.68,69.57,87.89,84.31,91.48,61.27,77.76,111.9592857
19/08/17,165.98,155.05,153.11,141.17,126.26,125.14,107.82,111.39,65.6,90.82,81.48,93.72,58.9,78.43,111.0621429
26/08/17,163.05,150,153.43,142.04,124.43,127.29,109.92,114.7,64.23,92.73,81.25,96.43,62.94,77.37,111.415
02/09/17,156.33,151.35,149.81,141.28,124.67,130.08,108.03,114.62,64.22,95.97,82.15,97.25,60.51,78.87,111.0814286
09/09/17,160.59,149.9,147.99,140.12,124.18,131.55,NS,111.51,67.57,98.21,78.13,99.73,58.58,82.26,111.5630769
16/09/17,153.92,150.2,149.57,137.97,126.73,129.82,105.59,NS,70.75,99.41,80.81,99.91,55.6,84.8,111.16
23/09/17,162.78,149.87,153.7,139.27,127.38,129.71,109.36,111.12,76.57,98.79,82.93,100.02,56.74,88.03,113.305
30/09/17,NS,147.47,NS,138.78,NS,130.52,106.87,111.49,78.85,98.24,84.35,100.8,60.06,88.52,104.1772727
07/10/17,165.01,144.54,151.24,139.15,127.2,127.22,106.27,110.64,79.82,97.46,90.73,100.82,61.87,88.07,113.5742857
14/10/17,160.37,NS,153.66,NS,128.37,NS,109.69,111.45,81.14,95.58,89.01,102.4,62.51,88.4,107.5072727
21/10/17,159.12,148.41,148.86,140.46,132.99,NS,110.17,112.52,NS,97.23,NS,99.43,NS,86.53,123.572
28/10/17,159.21,147.48,152.04,137.98,129.02,129.59,107.81,112.54,80.62,NS,89.88,NS,66.86,89.57,116.8833333
04/11/17,158.91,150.34,147.84,137.18,128.42,132.45,109.3,112.43,78.67,98.47,91.7,100.27,67,91.34,114.5942857
11/11/17,159.63,152.38,144.18,138.84,131.19,130.27,109.41,114.73,77.57,98.66,93.38,101.07,66.73,90.99,114.9307143
18/11/17,157.92,154.58,142.04,137.01,133.26,124,109.51,111.1,76.38,98.54,89.79,101.58,67.92,91.26,113.9207143
25/11/17,159.51,154.83,143.61,138.11,133.54,128.47,110.67,110,75.13,100.18,91.9,101.16,65.46,94.59,114.7971429
02/12/17,157.66,152.06,142.47,133.44,131.47,126.55,110.34,109.31,74.75,101.88,89.87,101.75,65.14,95.72,113.7435714
09/12/17,157.88,148.35,140.01,133.78,128.02,125.89,109.23,108.17,77.74,103.81,90.12,103.24,63.66,94.43,113.1664286
16/12/17,155.58,148.67,140.58,130.57,129.78,128.84,108.91,110.55,81.42,104.97,90.5,103.9,64.13,94.62,113.7871429
23/12/17,147.62,144.88,139.79,131.35,131.39,128.9,110.07,111.99,83.75,106.73,92.51,107.22,63.94,95.43,113.9692857
30/12/17,149.17,NS,136.8,127.81,131.79,126.14,NS,NS,NS,NS,NS,NS,65.6,99.14,119.4928571
07/01/18,143.37,142.07,132.49,123.86,129.67,123.5,109.9,112.85,88.1,108.25,92.71,106.49,67.23,99.02,112.8221429
14/01/18,134.16,137.42,126.34,119.67,125.05,119.96,115.96,115.75,87.59,108.48,95.5,107.22,67.84,101.62,111.6114286
20/01/18,131.26,138.95,120.58,118.2,123.34,113.58,117.92,119.11,87.08,106.54,97.97,108.3,69.97,100.75,110.9678571
27/01/18,130.46,131.53,112.03,111.18,112.52,109.11,120.13,121.13,89.84,105.43,96.51,109.01,69.54,99.08,108.3928571
03/02/18,123.78,129.21,108.4,106.14,110.24,105.52,122.49,124.04,92.66,105.11,100.66,110.27,71.89,98.56,107.7835714
10/02/18,119.08,123.73,104.53,105.59,103.48,105.33,123.73,128.9,94.85,105.85,101.46,113.49,73.91,98.19,107.2942857
17/02/18,116.67,116.79,103.25,106.49,102.43,106.19,121.13,133.16,96.15,106.59,106.24,112.55,72.66,97.7,107
24/02/18,111.99,110.41,99.85,110.2,96.49,NS,120.64,132,95.44,108.6,106.22,113.04,73.31,97.89,105.8523077
03/03/18,112.2,108.12,99.12,106.32,NS,NS,120.7,135.01,93.38,109.65,104.51,114.44,74.35,97.22,106.2516667
10/03/18,NS,108.97,99.3,104.74,92.72,NS,121.39,135.13,93.96,109.18,103.78,115.13,71.05,95.04,104.1991667
17/03/18,NS,106.99,NS,109.54,NS,NS,123.18,133.43,92.96,107.45,107.53,113.49,69.99,94.04,105.86
24/03/18,99.48,105.09,NS,NS,NS,97.73,124.72,133.78,94.58,105.74,106.06,110.62,65.23,95.9,103.5390909
31/03/18,NS,NS,93.38,106.49,94.07,120.34,NS,136.6,95.56,106.38,107.44,110.1,70.35,95.66,103.3063636
04/04/18,175.72,154.56,162.69,156.27,142.63,127.64,119.11,106.82,83.83,73.75,94.03,83.33,65.59,62.51,114.8914286
07/04/18,119.74,115,125.75,130.71,165.07,144.27,122.63,137.25,94.16,105.81,107.07,110.9,67.93,98.26,117.4678571
14/04/18,114.92,120.65,154.56,161.34,159.42,143.2,121.72,NS,94.13,104.23,106.13,110.49,68.12,96.76,119.6669231
21/04/18,147.19,151.77,153.65,158.44,152.49,137.23,121.34,134.19,93.89,99.16,105.62,106.5,69.02,96.31,123.3428571
28/04/18,150.52,148.44,160.65,148.5,144.21,139.83,119.28,125.2,90.07,91.33,103.59,101.33,69.64,96.36,120.6392857
05/05/18,156.77,148.71,154.72,142.07,134.86,138.16,120.4,116.42,84.96,86.4,100.92,99.22,71.96,95.32,117.9207143
12/05/18,165.65,149.13,146.06,139.2,134.17,140.96,115.81,114.49,81.65,86.95,94.33,93.87,70.66,89.49,115.8871429
19/05/18,159.89,147.06,146.36,131.78,142.88,143.32,113,115.9,78.46,86.31,90.39,93.59,66.68,88.57,114.585
26/05/18,155.28,140.33,142.67,131.32,149.11,135.55,111.2,112.16,77.33,83.01,92.87,93.16,66.49,83.67,112.4392857
02/06/18,150.81,139.43,151.35,140.04,151.4,132.88,111.12,107.8,77.14,78.68,91.66,89.79,68,82.29,112.3135714
09/06/18,156.67,149.52,153.37,150.17,145.44,138.24,112.83,110.95,76.98,77.07,91.57,88.22,67.13,80.13,114.1635714
16/06/18,165.87,159.84,160.82,157.29,143.5,144.49,112.82,110.07,77.19,76.35,90.35,87.62,65.34,77.91,116.39
23/06/18,173.12,161.95,168.36,157.62,149.15,140.97,112.48,107.4,76.34,76.62,89.23,87.92,63.72,80.61,117.535
30/06/18,180.81,165.76,165.07,150.69,150.39,135.59,110.9,103.98,76.59,72.06,91.32,88.4,62.86,74.31,116.3378571
07/07/18,180.65,170.56,161.32,152.66,146.68,132.59,111.47,104.92,77.25,76.37,89.03,92.89,66.2,67.8,116.4564286
14/07/18,174.36,160.57,163.85,151.21,144.87,132.76,111.44,106.61,80.01,69.83,92.73,86.87,64.41,63.19,114.4792857
21/07/18,175.3,165.87,163.96,151.19,146.36,129.39,111.32,104.76,80.61,71.86,94.53,82.61,62.5,62.5,114.4828571
28/07/18,174.9,162.98,164.44,153.23,145.01,126.41,118.52,106.11,81.98,74.01,91.69,80.45,65.57,62.86,114.8685714
11/08/18,172.28,164.03,160.61,156.38,139.98,124.33,123.16,108.51,85.83,69.57,97.35,84.31,68.56,61.27,115.4407143
18/08/18,169.98,165.98,157.95,153.11,138.87,126.25,121.85,108.51,86.39,65.6,98.66,81.48,68.79,58.9,114.4514286
25/08/18,162.97,163.05,156.72,153.43,137.74,124.43,NS,109.92,91.49,64.23,101.24,81.25,75.53,62.94,114.2261538
01/09/18,161.86,156.33,156.83,149.87,138.8,124.67,134.02,108.04,93.96,64.22,108.09,82.15,81.55,60.51,115.7785714
08/09/18,161.3,160.59,154.19,147.99,140.4,124.18,134.41,NS,94.27,67.57,110.11,78.13,82.68,58.58,116.4923077
15/09/18,162.45,153.92,150.93,149.57,138.42,126.73,132.27,105.59,95.03,70.75,111.79,80.81,83.32,55.6,115.5128571
22/09/18,162.13,162.78,148.76,153.7,134.49,127.38,137.18,109.36,95.03,76.57,112.81,82.93,84.91,56.74,117.4835714
29/09/18,160.65,NS,147.19,NS,131.94,NS,132.56,106.87,94.7,78.85,110.8,84.35,86.11,60.06,108.5527273
06/10/18,160.79,165.01,148.2,151.24,135.01,127.2,125.51,106.27,93.9,79.82,113.47,90.73,80.65,61.87,117.1192857
13/10/18,164.21,160.37,148.63,153.66,136.28,128.37,123.2,109.69,93.38,81.14,108.65,89.01,80.18,62.51,117.0914286
20/10/18,NS,159.12,NS,148.86,NS,132.99,123.02,110.17,92.28,NS,107.42,NS,78.98,NS,119.105
27/10/18,160.44,159.21,149.95,152.04,141.61,129.01,121.27,107.81,92.85,80.62,108,89.88,79.19,66.86,117.0528571
10/11/18,163.1,159.63,151.88,144.19,138.11,131.2,120.89,109.41,NS,77.57,NS,93.38,85.73,66.73,120.1516667
17/11/18,159.47,157.92,147.43,142.04,146.6,133.26,121.96,109.51,99.99,76.38,109.37,89.79,90.15,67.92,117.985
24/11/18,158.48,159.51,147.28,143.61,146.67,133.55,124.4,110.67,101.89,75.13,112.07,91.9,93.74,65.46,118.8828571
01/12/18,160.37,157.66,147.55,142.47,151.4,131.47,125.1,110.34,102.9,74.75,114.91,89.87,94.29,65.14,119.1585714
08/12/18,159.12,157.88,143.55,140.01,146.49,128.02,124.83,109.23,101.74,77.74,112.35,90.12,92.22,63.66,117.64
15/12/18,155.64,155.58,140.67,140.58,148.93,129.78,123.21,108.91,97.73,81.42,111.75,90.5,89.23,64.13,117.0042857
22/12/18,154.33,147.62,137.02,139.79,144.23,131.38,122.9,110.07,96.61,83.75,105.66,92.51,89.04,63.94,115.6321429
29/12/18,151.87,149.17,133.51,136.8,142.6,131.79,NS,NS,NS,NS,NS,NS,88.46,65.6,124.975
05/01/19,147.85,143.37,130.75,132.49,130.75,132.49,122.42,109.9,97.37,88.1,105.96,92.71,89.64,67.23,113.645
12/01/19,144.28,134.16,127.58,126.34,135.46,125.06,122.61,115.96,98.95,87.59,106.96,95.7,89.51,67.84,112.7142857
19/01/19,141.68,131.26,123.32,120.58,131.35,123.34,123.74,117.92,99.4,87.08,106.89,97.97,89.11,69.97,111.6864286
26/01/19,135.92,130.46,124.06,112.03,127.08,112.52,125.19,120.13,100.17,89.84,107.61,96.51,89.31,69.54,110.0264286
02/02/19,127.98,123.78,122.22,108.4,119.45,110.24,126.57,122.49,98.62,92.66,107.72,100.66,87.54,71.89,108.5871429
09/02/19,124.27,119.08,120.36,104.53,115.83,103.48,124.53,123.73,97.97,94.85,103.63,101.46,88.44,73.91,106.8621429
16/02/19,118.48,116.67,124.45,103.25,111.39,102.43,123.9,121.13,97.45,96.15,103.24,106.24,90.39,72.66,106.2735714
23/02/19,113.4,111.99,NS,99.85,108.42,96.49,122.45,120.64,97.76,95.44,103.51,106.22,87.07,73.31,102.8115385
02/03/19,111.86,112.2,121.46,99.13,105.05,NS,122.43,120.7,98.76,93.38,103.81,104.51,89.25,74.35,104.3761538
09/03/19,115.79,NS,NS,99.3,107.78,92.72,121.82,121.39,100.44,93.96,106.52,103.78,92.33,71.05,102.24
16/03/19,107.51,NS,NS,NS,NS,NS,122.11,123.18,101.21,92.96,107.53,107.53,93.44,69.99,102.8288889
23/03/19,108.9,99.48,113,NS,NS,NS,122.49,124.72,99.84,94.58,106.82,106.06,92.51,65.23,103.0572727
30/03/19,NS,NS,144.43,98.38,127.52,94.07,121.75,NS,99.22,95.56,110.03,107.44,91.44,70.35,105.4718182
06/04/19,118.77,119.74,175.02,125.75,152.77,165.07,122.24,122.63,98.92,94.16,108.5,107.07,91.85,67.93,119.3157143
13/04/19,147.38,114.92,169.83,154.56,159.46,159.42,123.55,121.72,98.74,94.13,109.4,106.13,90.7,68.12,122.7185714
20/04/19,150.44,147.19,165.8,153.65,154.94,152.49,NS,121.34,98.65,93.89,111.22,105.62,88.79,69.02,124.08
27/04/19,151.9,150.52,151.25,160.65,148.19,144.21,124.04,119.28,99.65,90.07,108.28,103.59,90.27,69.64,122.2528571
04/05/19,158.52,156.77,142.65,154.72,147.1,134.86,124.46,120.4,98.09,84.96,110.43,100.92,90.3,71.96,121.1528571
11/05/19,152.57,165.65,134.76,146.06,149.81,134.17,122.98,115.81,98.29,81.65,109.36,94.33,89.81,70.66,118.9935714
18/05/19,147.74,159.89,134.5,146.36,148.81,142.88,122.98,113,96.47,78.46,111.36,90.39,90.96,66.68,117.8914286
25/05/19,149.69,155.28,134.29,142.67,147.25,149.11,122.78,111.2,94.61,77.33,109.2,92.87,87.72,66.49,117.1778571
01/06/19,144.51,150.81,138.45,151.35,149.7,151.4,122.82,111.12,93.01,77.14,109.69,91.66,86.6,68,117.59
08/06/19,151.61,156.67,146.91,153.37,147.83,145.44,120.12,112.83,92.16,76.98,105.16,91.57,84.63,67.13,118.0292857